{
  "profit_usd": 0,
  "profit_crypto": -0.18822412,
  "percentage": 25,
  "win": 4,
  "loss": 12,
  "betErrors": 0,
  "totalTxGasFee": 0.005400000000000001,
  "totalTxGasFeeUsd": 1.651
}